{
  "urls": [
    "snd\\audiosprite_main.webm",
    "snd\\audiosprite_main.mp3"
  ],
  "sprite": {
    "biblip": [
      0,
      333.62811791383217
    ],
    "cate_dying": [
      2000,
      752.7664399092968
    ],
    "check": [
      4000,
      351.043083900227
    ],
    "ching": [
      6000,
      886.8934240362813
    ],
    "coins_small": [
      8000,
      446.71201814058924
    ],
    "collect_item_1": [
      10000,
      1967.210884353742
    ],
    "grab_bag2": [
      13000,
      372.06349206349284
    ],
    "grab_helper": [
      15000,
      322.35827664399073
    ],
    "hit_ground": [
      17000,
      986.961451247165
    ],
    "hit_hard": [
      19000,
      1046.9387755102027
    ],
    "lasersword1": [
      22000,
      1363.6281179138336
    ],
    "lasersword2": [
      25000,
      338.20861678004377
    ],
    "long_sparkle": [
      27000,
      2046.3945578231276
    ],
    "nice_popup": [
      31000,
      2122.6757369614547
    ],
    "notification_soft3": [
      35000,
      1653.333333333336
    ],
    "pew1": [
      38000,
      245.9863945578249
    ],
    "pew2": [
      40000,
      212.6077097505643
    ],
    "pew3": [
      42000,
      268.4807256235828
    ],
    "pew4": [
      44000,
      249.614512471652
    ],
    "pick1": [
      46000,
      596.1451247165498
    ],
    "pick2": [
      48000,
      658.6621315192715
    ],
    "pick3": [
      50000,
      620.1814058956927
    ],
    "pick4": [
      52000,
      687.505668934243
    ],
    "pick5": [
      54000,
      591.3378684807285
    ],
    "pick6": [
      56000,
      591.3378684807285
    ],
    "pickup_1": [
      58000,
      508.9342403628123
    ],
    "pop1": [
      60000,
      289.2970521541969
    ],
    "radio_start": [
      62000,
      1666.6666666666642
    ],
    "rockhit_large": [
      65000,
      1252.154195011343
    ],
    "rockhit_medium": [
      68000,
      1072.063492063492
    ],
    "rockhit_small": [
      71000,
      910.9977324263099
    ],
    "rockhit_smallest": [
      73000,
      807.4376417233537
    ],
    "select1": [
      75000,
      565.3514739229024
    ],
    "select2": [
      77000,
      703.1292517006733
    ],
    "short_sparkle": [
      79000,
      933.4240362811812
    ],
    "swipe_fast_low": [
      81000,
      177.8004535147346
    ],
    "swipe2": [
      83000,
      319.9999999999932
    ],
    "swipe3": [
      85000,
      232.13151927437536
    ],
    "uhoh": [
      87000,
      520.6575963718763
    ],
    "coin_appear": [
      89000,
      522.448979591843
    ],
    "coin_loop": [
      91000,
      1358.3673469387777
    ],
    "diamond1": [
      94000,
      914.0589569160937
    ],
    "friendlytwinkle": [
      96000,
      1671.8367346938835
    ],
    "get_coins": [
      99000,
      992.6530612244875
    ],
    "helpmine001": [
      101000,
      78.36734693877645
    ],
    "helpmine002": [
      103000,
      104.4897959183686
    ],
    "helpmine003": [
      105000,
      104.4897959183686
    ],
    "helpmine004": [
      107000,
      130.61224489796075
    ],
    "helpmine005": [
      109000,
      130.61224489796075
    ],
    "helpmine006": [
      111000,
      104.4897959183686
    ],
    "helpmine007": [
      113000,
      156.7346938775529
    ],
    "news1": [
      115000,
      2481.4058956916087
    ],
    "notification": [
      119000,
      392.90249433106794
    ],
    "receive_pickaxe": [
      121000,
      3369.7959183673447
    ],
    "receive_stash": [
      126000,
      2768.9795918367395
    ],
    "woof": [
      130000,
      391.83673469386804
    ]
  }
}