{
  "urls": [
    "snd\\audiosprite_missions.webm",
    "snd\\audiosprite_missions.mp3"
  ],
  "sprite": {
    "brake": [
      0,
      1160.9977324263039
    ],
    "ln_enter": [
      3000,
      981.3378684807254
    ],
    "ln_exit": [
      5000,
      2338.6621315192747
    ],
    "ln_small": [
      9000,
      1450.680272108844
    ],
    "mission_complete": [
      12000,
      1792.018140589569
    ],
    "test_mission_loop_cool": [
      15000,
      5333.333333333332
    ],
    "tireburn": [
      22000,
      3586.575963718822
    ],
    "burn_and_drive": [
      27000,
      4597.3242630385475
    ],
    "car_driving_loop": [
      33000,
      1501.5646258503423
    ],
    "car_start": [
      36000,
      3003.8548752834445
    ],
    "ln_big": [
      41000,
      3133.1065759637154
    ],
    "ln_short-late": [
      46000,
      1297.8458049886613
    ],
    "ln_short": [
      49000,
      513.3106575963709
    ]
  }
}